folder,prediction,score,truth
456,deny,0.00029561194,deny
688,grant,0.9844987,deny
1178,grant,0.9936086,grant
997,grant,0.9618233,deny
895,deny,0.0028510713,deny
446,grant,0.9835828,deny
3,deny,0.013625686,deny
814,deny,0.3267463,deny
879,deny,0.017665386,grant
448,grant,0.7313917,deny
800,grant,0.95927405,deny
384,grant,0.91849536,grant
64,grant,0.68475384,deny
1106,grant,0.9992248,deny
52,grant,0.9899787,grant
976,grant,0.9926341,grant
596,deny,0.094411135,deny
221,grant,0.99633056,grant
822,grant,0.97281826,deny
922,grant,0.99301296,grant
642,grant,0.95957756,deny
880,deny,0.0013598262,deny
23,grant,0.9947083,grant
1149,grant,0.88628435,deny
585,deny,0.029372623,deny
10,grant,0.9986957,grant
34,grant,0.99964654,grant
1056,deny,0.0044491715,deny
411,grant,0.99905473,grant
751,deny,0.00014675614,deny
645,deny,0.1276623,deny
360,grant,0.9535267,deny
167,deny,0.27320814,deny
254,deny,0.0016442405,deny
903,deny,0.0070109526,deny
834,grant,0.9768041,grant
374,grant,0.9923839,grant
499,grant,0.99721223,grant
938,grant,0.94576377,deny
418,deny,0.01689176,deny
1017,grant,0.9973673,grant
982,grant,0.9755577,deny
335,grant,0.9931062,grant
893,grant,0.9599851,deny
723,deny,0.37214914,deny
995,grant,0.92732376,deny
426,deny,0.39340028,deny
1129,grant,0.9087221,deny
81,deny,0.014613954,deny
648,deny,0.06753358,deny
206,grant,0.93612003,deny
606,deny,0.116718456,grant
444,grant,0.9730434,deny
633,deny,0.0053228666,deny
253,deny,0.0006636499,deny
174,deny,0.0018713411,deny
175,grant,0.99810743,grant
281,grant,0.99601954,grant
169,grant,0.98445016,deny
124,deny,0.13259637,deny
205,deny,0.0034517546,deny
397,grant,0.9977633,grant
644,grant,0.992067,deny
1055,deny,0.00032500952,deny
1052,deny,0.034106247,deny
968,grant,0.99315464,deny
676,grant,0.99119425,deny
69,deny,0.0011947094,deny
957,deny,0.0025535733,deny
944,deny,0.17170896,deny
823,grant,0.78260124,deny
56,deny,0.008478571,deny
372,grant,0.99113995,grant
427,deny,0.0033866595,deny
828,grant,0.9972952,grant
884,deny,0.27158996,deny
283,deny,0.4512923,grant
659,deny,0.07451201,deny
103,deny,0.03206104,deny
858,grant,0.9752509,deny
936,grant,0.9929021,deny
898,deny,0.3676458,deny
396,deny,0.47584373,deny
192,grant,0.98962027,grant
523,grant,0.9955349,grant
1027,grant,0.99144393,grant
366,grant,0.99292505,grant
948,deny,0.32248667,deny
1125,grant,0.9942293,grant
1081,grant,0.5702348,deny
399,grant,0.9729341,deny
466,grant,0.9978976,grant
1136,deny,0.025354708,deny
826,deny,0.011045971,deny
849,grant,0.96874857,deny
699,deny,0.033608254,deny
416,grant,0.9966011,grant
252,deny,0.004128651,deny
953,grant,0.96934885,deny
759,grant,0.888709,deny
1139,grant,0.9717702,deny
171,grant,0.9930247,grant
1159,grant,0.7936774,grant
257,grant,0.653384,deny
690,deny,0.113377,deny
78,deny,0.49600083,deny
616,deny,0.00070788205,deny
323,grant,0.9901938,grant
789,grant,0.99744844,grant
240,deny,0.017075976,deny
1155,grant,0.9813498,deny
674,grant,0.99767524,grant
578,deny,0.020696796,deny
763,grant,0.98661184,deny
1012,grant,0.9971765,deny
768,grant,0.86669075,deny
133,grant,0.9879745,deny
409,deny,0.2164811,deny
779,grant,0.96376425,deny
50,deny,9.994213e-05,deny
260,grant,0.9935662,grant
358,grant,0.990324,grant
808,deny,0.002518847,deny
199,grant,0.9006321,deny
402,grant,0.99561596,grant
1019,grant,0.9991327,grant
269,grant,0.980685,deny
234,grant,0.99601537,grant
256,grant,0.9877224,deny
844,deny,0.012816718,deny
467,deny,0.14792846,deny
105,grant,0.6631565,deny
45,deny,0.00311313,deny
965,deny,0.08592469,deny
682,deny,0.22473927,deny
241,grant,0.9661084,deny
119,grant,0.99480283,deny
57,grant,0.846168,deny
581,grant,0.9602041,deny
404,grant,0.94994456,deny
650,deny,0.025592223,deny
1037,deny,0.00063355704,deny
985,grant,0.9969317,grant
400,deny,0.0007989971,deny
37,grant,0.9713894,deny
731,deny,0.0009809952,deny
460,grant,0.64183426,deny
201,grant,0.98575366,grant
1110,grant,0.9974874,grant
503,deny,0.26170078,deny
145,deny,0.008779345,deny
126,grant,0.9268626,deny
1074,deny,0.1361254,deny
248,deny,0.20644072,deny
744,grant,0.9964474,grant
1183,deny,0.08197952,deny
267,grant,0.87992984,deny
838,deny,0.07157732,deny
118,grant,0.7810462,deny
555,deny,0.00078980916,deny
198,deny,0.018390149,deny
872,deny,0.3580721,deny
847,deny,0.0476683,deny
981,deny,0.029823564,deny
665,deny,0.004275617,deny
860,grant,0.7663047,deny
58,deny,0.0011496553,deny
658,grant,0.9787921,deny
857,grant,0.5770092,grant
408,deny,0.0049158093,deny
373,grant,0.9861833,grant
294,grant,0.9970842,grant
1092,deny,0.00039455344,deny
184,deny,0.007361793,deny
1051,deny,0.0054343115,deny
608,grant,0.9932807,grant
222,deny,0.003751628,deny
970,deny,0.01284452,deny
632,deny,0.0012973233,deny
670,grant,0.52074194,grant
697,grant,0.99115103,deny
738,deny,0.33257416,deny
375,deny,0.00031384226,deny
30,deny,0.060212743,deny
612,deny,0.006761657,deny
327,deny,0.020873258,deny
1148,grant,0.9890265,deny
134,grant,0.6032564,deny
153,deny,0.2326204,deny
1171,grant,0.5377708,deny
1085,deny,0.22206095,deny
617,deny,0.09312616,deny
285,deny,0.009294391,deny
967,grant,0.92122465,deny
147,deny,0.060440253,deny
1023,deny,0.19436663,deny
217,grant,0.9954763,grant
518,deny,0.050135486,deny
1001,grant,0.9954407,grant
1073,deny,0.003062194,deny
655,deny,0.0011469033,deny
395,grant,0.9701728,grant
379,grant,0.9952684,grant
301,deny,0.049324706,deny
410,grant,0.94005424,deny
864,grant,0.9860604,deny
934,grant,0.99208575,grant
265,grant,0.5781004,deny
1038,grant,0.9868383,deny
1028,grant,0.99784493,grant
187,deny,0.007947718,deny
46,deny,0.006746977,deny
287,grant,0.9948919,grant
972,deny,0.09234043,deny
84,grant,0.9970245,grant
686,grant,0.91417384,deny
430,deny,0.17676197,deny
1024,grant,0.9822113,deny
477,grant,0.9949575,grant
788,grant,0.99902046,grant
139,deny,0.049609512,deny
1104,deny,0.1952503,deny
1086,grant,0.85041046,deny
693,deny,0.011268071,deny
983,deny,0.1582474,deny
1050,deny,0.0034137764,deny
824,deny,0.010689364,deny
916,deny,0.014248388,deny
161,grant,0.9781085,deny
1058,grant,0.9966029,grant
278,deny,0.4667758,deny
798,grant,0.999228,deny
961,deny,0.14337641,deny
883,grant,0.9692226,deny
189,deny,0.47468174,grant
942,deny,0.0068229204,deny
218,deny,0.42466146,deny
1066,grant,0.9845642,grant
902,deny,5.861004e-05,deny
1115,grant,0.998871,grant
594,grant,0.9860588,deny
181,deny,0.2621895,deny
1018,deny,0.0038192624,deny
508,grant,0.990245,grant
90,grant,0.995751,grant
481,grant,0.9968714,grant
711,grant,0.993417,grant
307,grant,0.99948597,grant
564,grant,0.9959734,grant
677,grant,0.9695267,deny
990,deny,0.00048159645,deny
480,grant,0.99534374,grant
1021,deny,0.010955133,deny
232,deny,0.17607903,deny
620,grant,0.99684465,grant
295,deny,0.0029458378,deny
876,grant,0.9958275,deny
291,deny,9.718203e-06,deny
592,deny,0.023167936,deny
646,grant,0.99937004,deny
673,grant,0.929432,deny
719,deny,0.12408247,deny
1076,deny,0.006195097,deny
355,grant,0.99468994,grant
1022,grant,0.9959579,grant
293,deny,0.23810844,deny
576,grant,0.9590309,deny
87,grant,0.9908116,grant
1039,deny,0.255376,deny
888,deny,0.00027371955,deny
925,grant,0.9950399,grant
696,deny,0.027195303,deny
483,deny,0.02601787,grant
340,deny,0.0034754714,deny
59,grant,0.9941459,grant
915,deny,1.1541368e-05,deny
62,deny,0.1685449,deny
746,grant,0.9937959,deny
914,grant,0.9965431,grant
116,deny,0.007447699,deny
552,grant,0.9630016,deny
214,grant,0.9439329,deny
1057,grant,0.85010576,deny
1090,deny,0.16357514,deny
969,deny,0.20247771,deny
706,grant,0.99396896,grant
1144,grant,0.99493223,grant
179,deny,0.00775757,deny
435,grant,0.9939475,grant
225,deny,4.1696475e-07,deny
115,deny,0.0026451452,deny
672,deny,0.0009518416,deny
212,deny,0.28152552,deny
1146,deny,0.017958816,deny
570,grant,0.90841395,deny
830,deny,0.05550146,deny
547,grant,0.98647654,deny
251,grant,0.8973961,deny
319,grant,0.9999989,grant
519,grant,0.99961865,deny
962,grant,0.8165842,deny
476,grant,0.9955857,grant
927,grant,0.99223536,grant
31,deny,0.045406017,deny
559,deny,0.005365046,deny
77,grant,0.91286385,grant
386,grant,0.99446636,grant
196,deny,0.0016626003,deny
390,grant,0.5745793,deny
799,deny,0.009092737,deny
708,deny,0.024690777,deny
692,deny,0.25965664,deny
937,deny,0.0009870083,deny
716,grant,0.9920374,grant
946,deny,0.01851585,deny
795,deny,0.14620927,deny
885,deny,0.020720262,deny
775,deny,0.00020429079,deny
382,grant,0.9814027,deny
952,deny,0.029742584,deny
698,grant,0.9926628,grant
891,grant,0.84911156,deny
1087,deny,0.00084857986,deny
859,deny,0.0651734,deny
871,grant,0.954626,grant
7,grant,0.5480242,deny
810,deny,0.0012375007,deny
235,deny,0.33114406,deny
129,deny,0.0021830008,deny
286,deny,0.03568897,deny
412,deny,0.46048266,deny
378,deny,0.25521794,deny
264,deny,0.1539288,deny
1163,deny,0.031004727,deny
998,grant,0.99299276,grant
966,grant,0.6139073,deny
14,grant,0.98627895,deny
561,grant,0.6230462,deny
1114,grant,0.98890334,grant
344,deny,0.024732355,deny
498,grant,0.95831525,grant
371,grant,0.99979645,grant
1152,deny,0.009639354,deny
1070,deny,0.020973207,deny
394,deny,0.0020084805,deny
544,grant,0.88245904,deny
973,grant,0.9675589,grant
191,grant,0.96573967,deny
1005,deny,0.023841726,deny
679,deny,0.28497002,deny
919,deny,0.00015116973,deny
312,grant,0.9979292,grant
236,grant,0.9107559,deny
905,deny,0.00012093956,deny
598,grant,0.99617445,grant
318,deny,0.006550224,deny
457,deny,0.00053827435,deny
813,grant,0.9846587,grant
306,deny,0.00076895143,deny
376,grant,0.9972155,grant
897,grant,0.99087876,deny
428,deny,0.06262131,deny
44,deny,0.066980645,grant
445,grant,0.9988267,grant
159,deny,0.00021445933,deny
330,grant,0.9931959,grant
489,deny,0.0035850909,deny
846,deny,0.004485954,deny
623,grant,0.99595034,grant
405,deny,0.05228573,deny
790,grant,0.9974063,grant
341,deny,0.006407156,deny
470,grant,0.8327667,deny
809,deny,0.008034845,deny
452,grant,0.9952301,grant
785,grant,0.8905353,deny
530,deny,0.42496628,deny
1108,deny,0.0077575888,deny
782,deny,0.0065526175,deny
288,grant,0.8944763,deny
263,grant,0.9313919,deny
567,deny,0.0049363924,deny
487,deny,0.00042411793,deny
132,deny,0.0006503106,deny
1134,deny,0.41696316,deny
406,deny,0.07353618,deny
913,grant,0.9335624,deny
1089,grant,0.6174034,grant
242,deny,0.00052689255,deny
1153,deny,0.15299304,deny
558,grant,0.9954236,grant
284,grant,0.9996699,grant
615,deny,2.7513326e-05,deny
111,grant,0.9794145,deny
97,deny,0.0002535912,deny
862,grant,0.99702233,grant
155,grant,0.94307256,deny
140,grant,0.89906037,deny
1096,deny,0.015345154,deny
1084,grant,0.97530156,deny
365,grant,0.989291,deny
32,deny,0.0038191008,deny
109,deny,4.3143045e-05,deny
407,deny,0.008199872,deny
259,deny,0.006279827,deny
550,grant,0.9272518,deny
202,grant,0.99087334,grant
728,deny,0.13109317,deny
98,deny,0.015588013,deny
304,grant,0.99939525,grant
151,deny,0.0018199059,deny
302,grant,0.99257714,grant
353,deny,0.20169166,deny
193,grant,0.94589293,deny
136,grant,0.99227303,deny
89,grant,0.94371724,deny
6,deny,0.48638397,deny
588,deny,0.0026346894,deny
890,grant,0.9968995,grant
745,deny,0.002036482,deny
1071,deny,0.00061978254,deny
148,grant,0.9998118,grant
1182,deny,0.0019056732,deny
1047,deny,0.060184885,deny
767,deny,0.13556096,deny
49,deny,0.1594778,deny
336,grant,0.9933668,grant
120,grant,0.993097,deny
459,deny,0.0151020475,deny
331,grant,0.83438975,deny
274,grant,0.9983069,grant
25,grant,0.9449052,deny
356,deny,0.24900036,deny
346,grant,0.9403535,deny
941,deny,0.03592195,deny
484,grant,0.9957001,grant
101,deny,0.0027690425,deny
945,grant,0.9831372,grant
1150,grant,0.91961867,deny
282,grant,0.9929645,grant
1161,grant,0.90685165,deny
1088,grant,0.8547299,deny
359,grant,0.9732858,deny
721,grant,0.99774915,grant
1162,grant,0.99590564,grant
839,deny,0.03282445,deny
1116,grant,0.99979097,grant
851,deny,0.044469967,deny
247,deny,0.13365754,deny
158,deny,0.0261501,deny
755,grant,0.86172557,deny
1002,deny,0.016450211,deny
918,grant,0.99935013,grant
614,deny,0.010595158,deny
926,deny,0.3593576,deny
877,grant,0.99485564,deny
766,grant,0.9951304,grant
1138,grant,0.9879012,deny
796,deny,0.2489122,deny
223,deny,0.001380007,deny
583,grant,0.9827582,deny
424,grant,0.9879018,deny
750,grant,0.95982295,grant
842,grant,0.9649765,deny
695,deny,0.017313005,deny
113,grant,0.99919075,grant
1151,grant,0.98610884,deny
138,deny,0.27056822,deny
624,deny,0.0223857,deny
817,grant,0.9747892,deny
249,deny,0.001143631,deny
176,deny,0.072797485,deny
224,deny,0.011933471,deny
277,deny,0.00076147995,deny
342,deny,0.0047982056,deny
458,grant,0.96607333,deny
110,deny,0.0050542355,deny
357,grant,0.98344684,grant
275,grant,0.99861753,grant
398,grant,0.9607476,deny
172,grant,0.9896632,deny
959,grant,0.9968997,grant
413,grant,0.98604196,deny
1105,deny,0.045643125,deny
1130,deny,0.04006592,deny
783,deny,0.035065774,deny
42,deny,0.0003955149,deny
1041,grant,0.9597224,deny
245,grant,0.9569706,deny
793,grant,0.9961217,grant
792,grant,0.9039475,deny
921,grant,0.64530754,deny
776,deny,0.012959207,deny
521,deny,0.15506263,deny
507,grant,0.99630463,grant
551,deny,0.0039445,deny
667,grant,0.9083581,deny
5,deny,0.0018443062,deny
16,deny,0.25942108,deny
250,deny,0.0030701363,deny
807,grant,0.993889,grant
882,deny,0.15873072,deny
1043,deny,0.053000424,deny
24,grant,0.764399,deny
778,deny,0.0066654985,deny
991,grant,0.92230576,deny
177,grant,0.97528094,deny
203,grant,0.99373156,grant
534,deny,0.00056181254,deny
1059,deny,0.44367844,deny
440,grant,0.99428517,grant
1141,deny,0.39682788,grant
1030,grant,0.9061139,deny
1133,deny,0.0012047872,deny
1004,grant,0.99934167,grant
1011,deny,0.32882455,deny
337,deny,0.26529363,deny
640,deny,0.00034774488,deny
1173,grant,0.968566,deny
668,deny,0.0007808376,deny
1167,grant,0.99428,grant
641,grant,0.96696913,deny
1065,deny,0.21321689,grant
65,grant,0.8127738,deny
896,deny,0.025921306,deny
702,deny,7.390873e-05,deny
930,deny,0.00013456198,deny
629,deny,0.069051154,deny
329,deny,0.0017980797,deny
626,grant,0.9975938,grant
654,grant,0.99860424,grant
820,grant,0.9000211,grant
649,grant,0.9889331,grant
762,deny,0.0025812306,deny
226,grant,0.6971544,deny
700,deny,0.37840727,deny
1068,deny,0.0046978462,deny
556,deny,0.014491671,deny
213,deny,0.0177117,deny
1048,deny,0.0036234308,deny
662,deny,0.004299751,deny
54,grant,0.99989355,grant
713,deny,0.0043150303,deny
475,deny,0.01006202,deny
725,grant,0.8689077,grant
96,deny,0.06790703,deny
367,deny,0.0021167698,deny
244,deny,0.13371992,deny
48,deny,0.015405736,deny
143,grant,0.9604666,grant
434,deny,0.012623652,deny
748,deny,0.000439762,deny
1062,grant,0.96725386,deny
1013,deny,0.008684122,deny
1111,deny,0.09529617,deny
299,deny,0.2507689,deny
21,deny,0.00018053527,deny
156,grant,0.9972548,grant
978,grant,0.9693672,deny
443,grant,0.9919916,deny
681,deny,0.013969214,deny
474,deny,0.009955811,deny
760,deny,0.06535998,deny
845,grant,0.9909198,grant
207,deny,0.064269535,deny
491,deny,0.0017579141,deny
604,grant,0.9854549,grant
309,grant,0.9983491,grant
1077,grant,0.985465,deny
204,grant,0.97967017,deny
516,grant,0.99092615,grant
197,deny,0.026957564,deny
166,deny,0.002801621,deny
1033,deny,0.13109022,deny
1079,grant,0.8028331,deny
526,deny,0.00029778806,deny
904,deny,0.001166013,deny
1137,grant,0.99869674,grant
85,grant,0.7394102,deny
1067,deny,0.043667287,deny
455,deny,0.041687947,deny
769,deny,0.30278507,deny
1147,grant,0.9879637,grant
591,deny,0.16087846,deny
142,grant,0.5103497,grant
621,deny,0.03596976,deny
168,grant,0.62159646,deny
268,grant,0.9956072,grant
1126,deny,0.2480744,deny
415,deny,0.0035740105,deny
326,grant,0.99999964,grant
1109,grant,0.82951516,deny
854,grant,0.86068344,deny
152,grant,0.74745834,grant
1029,deny,0.010709519,deny
160,deny,0.22660096,deny
1166,grant,0.8427045,deny
992,grant,0.81916153,deny
536,deny,0.004400305,grant
752,deny,0.01724134,deny
453,deny,0.00065034407,deny
975,deny,0.011117682,deny
1112,deny,0.0010369538,deny
856,grant,0.5300294,deny
589,deny,0.009169606,deny
740,deny,0.0419388,deny
261,grant,0.9896422,grant
754,deny,0.00012411938,deny
735,deny,0.045051746,deny
923,deny,0.2145613,deny
500,deny,1.136644e-06,deny
730,deny,0.037427776,deny
811,deny,0.24466513,deny
389,grant,0.99032,grant
36,deny,0.34661835,deny
774,deny,0.00045431874,deny
1100,grant,0.9871437,grant
587,deny,0.46173924,deny
1168,grant,0.5404547,deny
603,grant,0.9494994,grant
557,deny,0.0026957802,deny
900,grant,0.98182654,deny
338,deny,0.111924395,deny
351,deny,0.0039548627,deny
1123,deny,0.004921011,deny
324,grant,0.91630447,deny
709,grant,0.93694687,deny
739,grant,0.8583327,deny
370,grant,0.9585335,deny
141,deny,0.022763308,deny
1176,deny,0.0025759425,deny
805,grant,0.9969663,grant
95,deny,0.015054318,deny
61,deny,0.00092469214,deny
26,grant,0.99726295,grant
1121,deny,0.081319936,deny
1075,grant,0.77163154,grant
509,grant,0.9986344,grant
393,grant,0.9997807,grant
848,deny,0.26497117,deny
988,grant,0.78790295,deny
1119,deny,1.06040315e-11,deny
887,deny,0.32060364,deny
490,grant,0.99963796,grant
464,deny,0.103014335,grant
747,deny,0.043844055,deny
514,deny,0.0015311855,deny
468,deny,0.0005824884,deny
208,grant,0.94028145,deny
144,deny,0.044745706,deny
873,deny,0.012619571,deny
117,grant,0.99583226,grant
362,grant,0.9906404,deny
639,grant,0.93782824,grant
182,grant,0.9959038,grant
296,deny,0.00829319,deny
546,grant,0.55373466,deny
542,grant,0.9773267,deny
569,grant,0.9628408,deny
911,grant,0.99554473,grant
924,grant,0.9996488,grant
461,grant,0.9282447,deny
266,grant,0.9988121,grant
602,grant,0.9537172,deny
701,deny,0.1545454,deny
183,grant,0.7803622,deny
297,deny,0.01392459,deny
977,deny,0.0013483795,deny
1180,grant,0.79234403,grant
1072,deny,0.0610037,deny
943,deny,0.0042543025,deny
852,grant,0.9946896,grant
1078,deny,0.038436167,deny
1093,grant,0.8037909,deny
757,deny,0.15147129,deny
495,grant,0.97505516,deny
527,deny,0.00028176876,deny
797,grant,0.9352149,deny
999,deny,0.0003529359,deny
316,deny,0.0058442587,deny
246,grant,0.8062852,deny
215,deny,0.1947235,deny
543,deny,0.053114932,deny
496,grant,0.84384936,deny
912,deny,0.16869518,deny
669,grant,0.87794894,grant
1044,deny,0.006030343,deny
1063,deny,0.0070045353,deny
47,grant,0.9998473,grant
125,grant,0.997203,grant
361,grant,0.9999145,grant
671,grant,0.6328193,grant
525,grant,0.99186313,grant
137,deny,0.008887629,deny
149,grant,0.5616235,deny
506,deny,0.018790849,deny
310,deny,0.046111494,deny
106,deny,0.41034672,deny
680,deny,0.36882758,grant
135,deny,0.06607906,deny
1128,grant,0.88773966,deny
804,deny,0.03986879,deny
75,deny,0.015853724,deny
637,grant,0.9996382,grant
949,grant,0.800443,deny
387,deny,0.0567182,deny
574,deny,0.007523175,deny
345,grant,0.9771047,deny
1177,deny,0.0037880768,deny
219,grant,0.98433405,grant
571,grant,0.9885035,grant
67,grant,0.9523505,deny
433,grant,0.80151606,deny
758,grant,0.9829404,deny
899,deny,0.012672835,deny
732,deny,0.13538095,deny
473,deny,0.00048455774,deny
1064,deny,0.016271194,deny
806,deny,0.022607079,deny
729,deny,0.060266826,deny
369,grant,0.9955384,grant
634,grant,0.7305842,grant
631,deny,0.046807446,deny
996,grant,0.9986603,grant
666,deny,0.16889596,deny
866,deny,0.0040584216,deny
123,grant,0.973585,deny
271,deny,0.015416278,deny
600,deny,0.2410723,deny
300,deny,0.12435742,deny
773,deny,0.26144078,grant
1036,grant,0.9542417,deny
605,grant,0.99325484,grant
68,grant,0.99922526,grant
313,deny,0.2397725,deny
1122,grant,0.99877983,grant
784,deny,0.0006647149,deny
853,deny,0.0060403496,deny
1015,deny,0.0003917235,deny
886,deny,0.0014768934,deny
1025,deny,0.012248843,deny
687,deny,0.006395983,deny
917,grant,0.995199,grant
940,grant,0.99084723,grant
51,deny,0.005135312,deny
584,deny,0.1815039,deny
765,deny,0.060264334,deny
705,deny,0.023495298,deny
1127,deny,0.006910524,deny
262,grant,0.9941308,grant
2,deny,0.044597678,deny
74,deny,0.31144744,deny
220,grant,0.9733074,deny
791,deny,0.0005565815,deny
533,grant,0.9973666,grant
1008,deny,0.12754992,grant
635,grant,0.89787096,deny
352,grant,0.98471594,deny
190,grant,0.8864261,deny
656,deny,0.086867034,deny
99,grant,0.9971426,grant
878,deny,0.07769805,deny
741,deny,0.39609054,deny
532,grant,0.9436174,grant
1,deny,0.2957715,deny
772,grant,0.9941223,grant
83,grant,0.994115,grant
712,grant,0.99131423,grant
1080,grant,0.976253,grant
17,deny,0.09079137,deny
471,grant,0.9966036,grant
163,deny,0.037863526,deny
505,grant,0.85255975,deny
724,deny,0.030341772,deny
154,deny,0.0005221604,deny
868,deny,0.0025321792,deny
684,deny,8.013522e-07,deny
958,grant,0.99907875,grant
108,deny,0.04602229,grant
1000,deny,0.00034548336,deny
1097,deny,0.049103864,deny
831,deny,0.098891474,deny
512,grant,0.97666293,deny
689,grant,0.99948883,grant
515,grant,0.6223865,grant
1154,deny,0.16154422,deny
488,deny,0.0030922575,deny
442,deny,0.0017224196,deny
979,deny,0.016855782,deny
832,grant,0.9966966,grant
298,grant,0.9851723,grant
932,deny,0.019378286,deny
1010,deny,0.14651878,deny
29,deny,0.00027371044,deny
380,deny,0.005198277,deny
683,deny,0.0018709992,deny
821,grant,0.973327,deny
549,deny,0.008714848,deny
984,deny,0.24289635,grant
33,grant,0.99978024,grant
1145,grant,0.97472745,deny
127,deny,0.08618432,deny
664,grant,0.99668926,grant
1164,deny,0.00048658252,deny
522,deny,0.0010856553,deny
960,deny,0.01810985,deny
1014,deny,0.18441325,deny
492,grant,0.6803584,deny
39,grant,0.63987684,deny
280,grant,0.99632555,grant
270,deny,0.12107225,deny
704,deny,0.012038134,deny
228,grant,0.9945603,grant
562,grant,0.9816451,deny
753,deny,0.001599568,deny
71,deny,0.062020317,deny
347,deny,0.1907218,deny
802,grant,0.6568338,deny
1061,grant,0.9958116,grant
422,deny,0.016983008,deny
314,grant,0.9408751,grant
289,deny,0.016049722,deny
609,grant,0.96393967,deny
560,grant,0.91243935,deny
874,grant,0.51305693,deny
618,deny,0.0037795876,deny
290,deny,0.009375298,deny
1181,grant,0.996431,grant
901,deny,0.0317497,deny
320,grant,0.96633875,deny
425,grant,0.9986292,grant
1172,deny,0.17087673,deny
485,deny,0.22803563,deny
771,deny,0.059049886,deny
1009,grant,0.92954344,grant
1007,grant,0.9877,grant
691,deny,0.00816111,deny
317,grant,0.92653483,deny
538,grant,0.9968232,grant
920,grant,0.9833181,grant
339,deny,0.0064051533,deny
385,deny,0.005579386,deny
1099,deny,0.001693708,deny
76,grant,0.990965,deny
593,deny,7.4047093e-06,deny
717,grant,0.99430263,grant
421,deny,0.07745628,deny
827,deny,0.00019262123,deny
537,grant,0.9979532,grant
439,grant,0.92162067,grant
736,deny,0.07334385,grant
8,grant,0.98840886,grant
1124,deny,0.0049502705,deny
881,grant,0.5319925,grant
229,grant,0.9733026,grant
1120,grant,0.9833302,grant
417,deny,0.029350074,deny
722,deny,0.041202657,deny
1118,deny,0.007022957,deny
727,grant,0.9917818,deny
449,grant,0.9999709,grant
305,grant,0.9945557,grant
350,deny,0.24815583,deny
951,deny,0.00104315,deny
1003,deny,0.09611891,grant
761,deny,0.07270856,deny
311,grant,0.682034,grant
595,deny,0.07787801,deny
511,deny,0.0031732526,deny
392,deny,0.088185534,deny
833,grant,0.9943983,grant
531,deny,0.086974554,deny
454,grant,0.9772511,deny
303,grant,0.5061942,deny
575,grant,0.9829333,deny
819,deny,0.0017340553,deny
19,deny,0.04327647,deny
1113,grant,0.9887468,grant
255,deny,0.26099017,deny
1107,deny,0.016813913,deny
186,deny,0.13161732,deny
1040,deny,0.015886454,deny
322,grant,0.9380524,deny
112,grant,0.98817855,deny
987,deny,0.0048400233,deny
462,grant,0.99307984,grant
157,deny,0.08142506,deny
86,deny,0.02897953,deny
1094,deny,0.00087717234,deny
1132,grant,0.9972863,grant
100,grant,0.99659806,grant
1103,grant,0.9534573,deny
1102,grant,0.992504,grant
825,deny,0.11804704,deny
18,deny,0.0025044456,deny
272,grant,0.6803607,grant
91,deny,0.021657813,deny
238,grant,0.99534035,grant
1026,deny,0.039296914,deny
742,grant,0.9982759,deny
734,deny,0.3312428,deny
786,deny,0.12928666,deny
200,deny,0.38025865,deny
230,deny,0.23201567,grant
875,grant,0.54163027,deny
368,grant,0.9987018,grant
565,grant,0.94723904,deny
170,grant,0.9932098,deny
28,grant,0.99955386,grant
63,grant,0.9987739,deny
638,deny,0.013062181,deny
653,deny,0.0004055504,deny
1053,grant,0.9947072,grant
121,grant,0.9726175,deny
497,grant,0.9953733,grant
513,deny,0.0014670248,deny
377,deny,0.40601438,deny
703,grant,0.9978065,grant
1117,grant,0.7372402,deny
980,deny,0.0008266829,deny
22,grant,0.9957137,grant
777,grant,0.996816,grant
1135,grant,0.997029,grant
88,grant,0.92023605,deny
333,grant,0.99519324,grant
1165,deny,0.032772597,deny
710,deny,0.44864222,deny
1095,grant,0.9311518,deny
787,deny,3.9607905e-05,deny
11,grant,0.89441764,deny
12,grant,0.9953147,grant
627,grant,0.9963528,grant
660,deny,0.022210257,deny
185,deny,0.0003033954,grant
661,deny,0.00042277135,deny
80,grant,0.99499583,grant
1032,deny,0.06713125,deny
935,grant,0.9149039,deny
726,deny,0.00858215,deny
494,grant,0.989785,grant
863,deny,0.022793828,deny
332,deny,0.0005643032,deny
493,deny,0.0041479943,deny
812,deny,0.04290802,deny
178,deny,0.0002392811,deny
465,grant,0.9672366,deny
423,deny,0.4442889,deny
321,deny,0.049270216,deny
107,grant,0.99197394,grant
334,deny,0.018077303,deny
308,deny,0.28069153,deny
963,grant,0.9796694,deny
173,grant,0.95238185,deny
524,grant,0.95988077,deny
53,grant,0.6498059,deny
92,deny,0.038054053,deny
1045,grant,0.89474523,deny
964,grant,0.9952296,grant
114,grant,0.8096705,deny
599,grant,0.99486154,grant
986,deny,0.19740596,deny
651,deny,0.0005616334,deny
180,grant,0.99343854,grant
292,deny,0.006736513,deny
388,grant,0.9942847,grant
130,grant,0.95289314,deny
597,grant,0.9909314,deny
720,grant,0.99006164,grant
907,deny,0.08471447,deny
869,grant,0.7254077,deny
391,grant,0.98601216,deny
643,deny,0.031654805,deny
1140,grant,0.9277508,deny
929,deny,0.0019866857,deny
1049,deny,0.050387755,deny
510,deny,0.13936874,deny
909,deny,0.00032188089,deny
501,deny,0.0033789866,deny
539,deny,0.00021538822,deny
950,deny,0.10714413,deny
72,grant,0.9980259,grant
162,deny,0.06669697,deny
714,grant,0.9854333,deny
472,grant,0.8407963,deny
60,grant,0.98162085,deny
450,grant,0.67294985,deny
231,deny,0.0016919175,deny
678,deny,0.034964584,deny
1091,deny,0.0018648133,deny
780,grant,0.8203117,deny
577,deny,0.018557878,deny
93,deny,0.005211778,deny
663,deny,0.07679186,deny
870,deny,0.47059298,deny
749,grant,0.9977908,grant
165,deny,0.2577728,deny
855,deny,0.16464382,deny
1083,deny,0.0006662529,deny
188,grant,0.52194035,deny
94,grant,0.9886536,grant
933,deny,0.0033300142,deny
601,grant,0.95635515,deny
1031,grant,0.932158,deny
829,grant,0.96960145,deny
545,grant,0.9976494,grant
553,grant,0.85480964,deny
840,grant,0.9878364,deny
1170,grant,0.8974916,deny
233,grant,0.97684765,deny
994,deny,0.0051235612,deny
520,grant,0.9638823,deny
437,grant,0.97447747,deny
237,grant,0.9969478,grant
794,grant,0.9397021,deny
1069,grant,0.9942947,grant
803,deny,0.056335103,deny
625,grant,0.95266294,deny
128,deny,0.4292014,deny
438,deny,0.019395016,deny
258,deny,0.010850751,deny
613,deny,5.534888e-05,deny
479,deny,0.0045693377,grant
865,grant,0.7920414,deny
478,deny,0.029888062,deny
993,deny,0.017116817,deny
685,grant,0.5631765,deny
211,deny,0.0021819395,deny
436,deny,0.011953949,grant
801,grant,0.99437475,grant
611,grant,0.9969516,grant
343,grant,0.99787664,grant
910,grant,0.9106142,deny
939,grant,0.89450586,deny
1082,grant,0.9519597,deny
1042,grant,0.9934695,grant
619,grant,0.97302395,deny
955,deny,0.29798508,deny
928,deny,0.00731623,deny
657,grant,0.9991934,grant
1020,deny,0.096194,deny
146,deny,0.021300854,deny
239,grant,0.93259376,deny
652,deny,0.015605623,deny
764,deny,0.31342527,deny
861,grant,0.9935454,grant
35,grant,0.96922004,deny
73,grant,0.9936026,grant
40,deny,0.045446243,deny
401,deny,0.095037535,deny
586,deny,0.0049217446,deny
630,deny,0.31182465,grant
894,deny,0.0004498301,deny
354,deny,0.08457392,deny
607,deny,0.08769464,deny
43,deny,0.07066092,deny
463,deny,0.0076584965,deny
836,grant,0.99940145,deny
535,grant,0.9977164,grant
15,grant,0.94459796,deny
227,grant,0.96622247,deny
756,deny,0.02140599,deny
1101,deny,0.0027268857,deny
1006,deny,0.012048607,deny
737,deny,0.15489675,deny
743,grant,0.9948886,grant
1034,grant,0.9847794,deny
209,grant,0.99369735,grant
195,grant,0.99275124,grant
816,deny,0.0019190778,deny
841,deny,0.016702699,deny
82,grant,0.98713815,deny
216,grant,0.9896263,grant
419,grant,0.993473,grant
447,grant,0.92527115,deny
1131,deny,0.0554432,deny
554,grant,0.86495036,deny
573,grant,0.83589756,deny
954,deny,0.0728577,deny
563,grant,0.9889253,grant
276,deny,0.018047279,deny
1054,deny,0.00092275755,deny
707,deny,0.008680465,deny
908,deny,0.0005733204,grant
194,grant,0.96894217,deny
628,deny,0.0017135595,deny
38,deny,0.008546743,deny
210,deny,0.17891777,deny
733,grant,0.69583905,deny
504,deny,0.0027036115,deny
818,deny,0.26530427,deny
55,grant,0.7518021,grant
66,deny,0.1274973,deny
582,grant,0.9241702,deny
1160,grant,0.9759783,deny
429,grant,0.61791664,grant
971,grant,0.99438816,grant
364,deny,0.00025500907,deny
1046,grant,0.8059746,grant
486,grant,0.9687335,deny
889,grant,0.9932935,deny
770,deny,0.011442374,deny
647,grant,0.99313545,grant
572,grant,0.99636203,grant
420,deny,0.0070550847,deny
131,grant,0.9970245,grant
243,deny,0.14927131,deny
164,grant,0.9926762,grant
837,grant,0.9622112,deny
4,deny,0.0075761727,deny
1175,grant,0.65340525,deny
1060,grant,0.9983442,grant
348,deny,0.00011840833,deny
956,grant,0.95938814,deny
529,grant,0.98798126,deny
104,deny,0.20125628,deny
931,grant,0.9948643,grant
20,deny,0.04824254,deny
328,grant,0.9464214,deny
279,grant,0.99022686,grant
867,grant,0.98679036,grant
781,deny,0.09629745,deny
1157,deny,0.022172851,deny
989,grant,0.9329266,deny
482,grant,0.98883945,deny
451,grant,0.9877117,grant
718,grant,0.9844609,grant
579,grant,0.9980957,grant
41,deny,0.00396642,deny
636,deny,0.008243139,deny
383,grant,0.9994649,grant
528,deny,0.018495722,deny
79,grant,0.92562735,deny
843,deny,0.042772647,deny
70,deny,0.055438705,deny
1143,grant,0.9949226,grant
1169,deny,0.00017524391,deny
548,grant,0.9939144,grant
1016,grant,0.99217576,grant
1098,deny,0.04563885,deny
622,deny,0.006356281,deny
1156,deny,0.001258896,deny
432,grant,0.92442393,deny
13,deny,0.017021963,deny
441,deny,0.102107435,deny
1035,deny,0.3503297,deny
715,deny,0.010256319,deny
9,grant,0.98004216,deny
517,deny,0.05454214,deny
1142,deny,0.031470757,deny
590,deny,0.091834545,deny
540,grant,0.99359846,grant
381,grant,0.99255955,grant
906,deny,0.0076924143,deny
325,grant,0.95702624,deny
363,grant,0.97753656,deny
414,deny,0.0440385,deny
1179,deny,0.4300259,deny
566,deny,0.007823417,deny
694,grant,0.99704665,grant
27,grant,0.9966672,grant
850,deny,0.001927563,deny
974,grant,0.9964898,grant
580,grant,0.9984425,grant
349,grant,0.99659914,grant
403,deny,0.38323018,deny
541,deny,0.09070988,deny
610,grant,0.98034877,deny
469,deny,0.171595,deny
675,grant,0.99626094,grant
150,deny,0.09207272,deny
815,grant,0.9905872,grant
568,grant,0.58400273,deny
892,deny,0.0010721612,deny
947,deny,0.09092931,deny
835,grant,0.998309,grant
